S,V_american,V_american_bs,V_european_intrinsic
0.00000000,40.00000000,40.00000000,40.00000000
0.50000000,39.50000000,39.50000000,39.50000000
1.00000000,39.00000000,39.00000000,39.00000000
1.50000000,38.50000000,38.50000000,38.50000000
2.00000000,38.00000000,38.00000000,38.00000000
2.50000000,37.50000000,37.50000000,37.50000000
3.00000000,37.00000000,37.00000000,37.00000000
3.50000000,36.50000000,36.50000000,36.50000000
4.00000000,36.00000000,36.00000000,36.00000000
4.50000000,35.50000000,35.50000000,35.50000000
5.00000000,35.00000000,35.00000000,35.00000000
5.50000000,34.50000000,34.50000000,34.50000000
6.00000000,34.00000000,34.00000000,34.00000000
6.50000000,33.50000000,33.50000000,33.50000000
7.00000000,33.00000000,33.00000000,33.00000000
7.50000000,32.50000000,32.50000000,32.50000000
8.00000000,32.00000000,32.00000000,32.00000000
8.50000000,31.50000000,31.50000000,31.50000000
9.00000000,31.00000000,31.00000000,31.00000000
9.50000000,30.50000000,30.50000000,30.50000000
10.00000000,30.00000000,30.00000000,30.00000000
10.50000000,29.50000000,29.50000000,29.50000000
11.00000000,29.00000000,29.00000000,29.00000000
11.50000000,28.50000000,28.50000000,28.50000000
12.00000000,28.00000000,28.00000000,28.00000000
12.50000000,27.50000000,27.50000000,27.50000000
13.00000000,27.00000000,27.00000000,27.00000000
13.50000000,26.50000000,26.50000000,26.50000000
14.00000000,26.00000000,26.00000000,26.00000000
14.50000000,25.50000000,25.50000000,25.50000000
15.00000000,25.00000000,25.00000000,25.00000000
15.50000000,24.50000000,24.50000000,24.50000000
16.00000000,24.00000000,24.00000000,24.00000000
16.50000000,23.50000000,23.50000000,23.50000000
17.00000000,23.00000000,23.00000000,23.00000000
17.50000000,22.50000000,22.50000000,22.50000000
18.00000000,22.00000000,22.00000000,22.00000000
18.50000000,21.50000000,21.50000000,21.50000000
19.00000000,21.00000000,21.00000000,21.00000000
19.50000000,20.50000000,20.50000000,20.50000000
20.00000000,20.00000000,20.00000000,20.00000000
20.50000000,19.50000000,19.50000000,19.50000000
21.00000000,19.00000000,19.00000000,19.00000000
21.50000000,18.50000000,18.50000000,18.50000000
22.00000000,18.00000000,18.00000000,18.00000000
22.50000000,17.50000000,17.50000000,17.50000000
23.00000000,17.00000000,17.00000000,17.00000000
23.50000000,16.50000000,16.50000000,16.50000000
24.00000000,16.00000000,16.00000000,16.00000000
24.50000000,15.50000000,15.50000000,15.50000000
25.00000000,15.00000000,15.00000000,15.00000000
25.50000000,14.50000000,14.50000000,14.50000000
26.00000000,14.00000000,14.00000000,14.00000000
26.50000000,13.50000000,13.50000000,13.50000000
27.00000000,13.00000000,13.00000000,13.00000000
27.50000000,12.50000000,12.50000000,12.50000000
28.00000000,12.00000000,12.00000000,12.00000000
28.50000000,11.50000000,11.50000000,11.50000000
29.00000000,11.00000000,11.00000000,11.00000000
29.50000000,10.50000000,10.50000000,10.50000000
30.00000000,10.00000000,10.00000000,10.00000000
30.50000000,9.50000000,9.50000000,9.50000000
31.00000000,9.00000000,9.00000000,9.00000000
31.50000000,8.50000000,8.50000000,8.50000000
32.00000000,8.00000000,8.00000000,8.00000000
32.50000000,7.50000000,7.50000000,7.50000000
33.00000000,7.00000000,7.00000000,7.00000000
33.50000000,6.51807076,6.51757702,6.50000000
34.00000000,6.06250361,6.06198130,6.00000000
34.50000000,5.63233494,5.63180943,5.50000000
35.00000000,5.22662132,5.22610946,5.00000000
35.50000000,4.84443723,4.84394925,4.50000000
36.00000000,4.48487295,4.48441421,4.00000000
36.50000000,4.14703264,4.14660514,3.50000000
37.00000000,3.83003263,3.82963619,3.00000000
37.50000000,3.53300014,3.53263334,2.50000000
38.00000000,3.25507237,3.25473316,2.00000000
38.50000000,2.99539611,2.99508226,1.50000000
39.00000000,2.75312786,2.75283722,1.00000000
39.50000000,2.52743447,2.52716506,0.50000000
40.00000000,2.31749409,2.31724420,0.00000000
40.50000000,2.12249762,2.12226576,0.00000000
41.00000000,1.94165027,1.94143516,0.00000000
41.50000000,1.77417331,1.77397384,0.00000000
42.00000000,1.61930594,1.61912114,0.00000000
42.50000000,1.47630708,1.47613605,0.00000000
43.00000000,1.34445707,1.34429898,0.00000000
43.50000000,1.22305925,1.22291334,0.00000000
44.00000000,1.11144139,1.11130691,0.00000000
44.50000000,1.00895685,1.00883310,0.00000000
45.00000000,0.91498555,0.91487184,0.00000000
45.50000000,0.82893470,0.82883036,0.00000000
46.00000000,0.75023928,0.75014369,0.00000000
46.50000000,0.67836235,0.67827488,0.00000000
47.00000000,0.61279505,0.61271513,0.00000000
47.50000000,0.55305651,0.55298357,0.00000000
48.00000000,0.49869347,0.49862699,0.00000000
48.50000000,0.44927988,0.44921935,0.00000000
49.00000000,0.40441616,0.40436111,0.00000000
49.50000000,0.36372855,0.36367855,0.00000000
50.00000000,0.32686822,0.32682284,0.00000000
50.50000000,0.29351033,0.29346920,0.00000000
51.00000000,0.26335306,0.26331582,0.00000000
51.50000000,0.23611656,0.23608287,0.00000000
52.00000000,0.21154186,0.21151140,0.00000000
52.50000000,0.18938979,0.18936229,0.00000000
53.00000000,0.16943988,0.16941507,0.00000000
53.50000000,0.15148929,0.15146692,0.00000000
54.00000000,0.13535166,0.13533152,0.00000000
54.50000000,0.12085615,0.12083802,0.00000000
55.00000000,0.10784632,0.10783002,0.00000000
55.50000000,0.09617920,0.09616455,0.00000000
56.00000000,0.08572428,0.08571113,0.00000000
56.50000000,0.07636265,0.07635085,0.00000000
57.00000000,0.06798606,0.06797548,0.00000000
57.50000000,0.06049616,0.06048668,0.00000000
58.00000000,0.05380365,0.05379517,0.00000000
58.50000000,0.04782762,0.04782003,0.00000000
59.00000000,0.04249478,0.04248800,0.00000000
59.50000000,0.03773887,0.03773281,0.00000000
60.00000000,0.03350003,0.03349461,0.00000000
60.50000000,0.02972425,0.02971941,0.00000000
61.00000000,0.02636283,0.02635852,0.00000000
61.50000000,0.02337195,0.02336810,0.00000000
62.00000000,0.02071216,0.02070873,0.00000000
62.50000000,0.01834802,0.01834496,0.00000000
63.00000000,0.01624771,0.01624499,0.00000000
63.50000000,0.01438267,0.01438025,0.00000000
64.00000000,0.01272733,0.01272518,0.00000000
64.50000000,0.01125875,0.01125684,0.00000000
65.00000000,0.00995643,0.00995473,0.00000000
65.50000000,0.00880203,0.00880052,0.00000000
66.00000000,0.00777915,0.00777781,0.00000000
66.50000000,0.00687317,0.00687198,0.00000000
67.00000000,0.00607103,0.00606997,0.00000000
67.50000000,0.00536107,0.00536013,0.00000000
68.00000000,0.00473293,0.00473210,0.00000000
68.50000000,0.00417736,0.00417662,0.00000000
69.00000000,0.00368614,0.00368548,0.00000000
69.50000000,0.00325194,0.00325136,0.00000000
70.00000000,0.00286827,0.00286776,0.00000000
70.50000000,0.00252934,0.00252888,0.00000000
71.00000000,0.00223001,0.00222961,0.00000000
71.50000000,0.00196574,0.00196538,0.00000000
72.00000000,0.00173247,0.00173215,0.00000000
72.50000000,0.00152661,0.00152634,0.00000000
73.00000000,0.00134500,0.00134475,0.00000000
73.50000000,0.00118480,0.00118458,0.00000000
74.00000000,0.00104353,0.00104333,0.00000000
74.50000000,0.00091897,0.00091880,0.00000000
75.00000000,0.00080917,0.00080902,0.00000000
75.50000000,0.00071239,0.00071226,0.00000000
76.00000000,0.00062712,0.00062700,0.00000000
76.50000000,0.00055199,0.00055188,0.00000000
77.00000000,0.00048581,0.00048571,0.00000000
77.50000000,0.00042752,0.00042743,0.00000000
78.00000000,0.00037618,0.00037611,0.00000000
78.50000000,0.00033098,0.00033092,0.00000000
79.00000000,0.00029119,0.00029114,0.00000000
79.50000000,0.00025617,0.00025612,0.00000000
80.00000000,0.00022533,0.00022529,0.00000000
80.50000000,0.00019820,0.00019816,0.00000000
81.00000000,0.00017433,0.00017429,0.00000000
81.50000000,0.00015332,0.00015329,0.00000000
82.00000000,0.00013483,0.00013481,0.00000000
82.50000000,0.00011857,0.00011855,0.00000000
83.00000000,0.00010427,0.00010425,0.00000000
83.50000000,0.00009169,0.00009167,0.00000000
84.00000000,0.00008062,0.00008060,0.00000000
84.50000000,0.00007089,0.00007087,0.00000000
85.00000000,0.00006233,0.00006232,0.00000000
85.50000000,0.00005480,0.00005479,0.00000000
86.00000000,0.00004818,0.00004817,0.00000000
86.50000000,0.00004236,0.00004236,0.00000000
87.00000000,0.00003725,0.00003724,0.00000000
87.50000000,0.00003275,0.00003274,0.00000000
88.00000000,0.00002879,0.00002879,0.00000000
88.50000000,0.00002532,0.00002531,0.00000000
89.00000000,0.00002226,0.00002225,0.00000000
89.50000000,0.00001957,0.00001957,0.00000000
90.00000000,0.00001721,0.00001720,0.00000000
90.50000000,0.00001513,0.00001513,0.00000000
91.00000000,0.00001330,0.00001330,0.00000000
91.50000000,0.00001170,0.00001170,0.00000000
92.00000000,0.00001029,0.00001028,0.00000000
92.50000000,0.00000905,0.00000904,0.00000000
93.00000000,0.00000795,0.00000795,0.00000000
93.50000000,0.00000700,0.00000699,0.00000000
94.00000000,0.00000615,0.00000615,0.00000000
94.50000000,0.00000541,0.00000541,0.00000000
95.00000000,0.00000476,0.00000476,0.00000000
95.50000000,0.00000419,0.00000419,0.00000000
96.00000000,0.00000368,0.00000368,0.00000000
96.50000000,0.00000324,0.00000324,0.00000000
97.00000000,0.00000285,0.00000285,0.00000000
97.50000000,0.00000251,0.00000251,0.00000000
98.00000000,0.00000221,0.00000221,0.00000000
98.50000000,0.00000194,0.00000194,0.00000000
99.00000000,0.00000171,0.00000171,0.00000000
99.50000000,0.00000150,0.00000150,0.00000000
100.00000000,0.00000132,0.00000132,0.00000000
100.50000000,0.00000116,0.00000116,0.00000000
101.00000000,0.00000102,0.00000102,0.00000000
101.50000000,0.00000090,0.00000090,0.00000000
102.00000000,0.00000079,0.00000079,0.00000000
102.50000000,0.00000070,0.00000070,0.00000000
103.00000000,0.00000062,0.00000062,0.00000000
103.50000000,0.00000054,0.00000054,0.00000000
104.00000000,0.00000048,0.00000048,0.00000000
104.50000000,0.00000042,0.00000042,0.00000000
105.00000000,0.00000037,0.00000037,0.00000000
105.50000000,0.00000033,0.00000033,0.00000000
106.00000000,0.00000029,0.00000029,0.00000000
106.50000000,0.00000025,0.00000025,0.00000000
107.00000000,0.00000022,0.00000022,0.00000000
107.50000000,0.00000020,0.00000020,0.00000000
108.00000000,0.00000017,0.00000017,0.00000000
108.50000000,0.00000015,0.00000015,0.00000000
109.00000000,0.00000013,0.00000013,0.00000000
109.50000000,0.00000012,0.00000012,0.00000000
110.00000000,0.00000010,0.00000010,0.00000000
110.50000000,0.00000009,0.00000009,0.00000000
111.00000000,0.00000008,0.00000008,0.00000000
111.50000000,0.00000007,0.00000007,0.00000000
112.00000000,0.00000006,0.00000006,0.00000000
112.50000000,0.00000006,0.00000006,0.00000000
113.00000000,0.00000005,0.00000005,0.00000000
113.50000000,0.00000004,0.00000004,0.00000000
114.00000000,0.00000004,0.00000004,0.00000000
114.50000000,0.00000003,0.00000003,0.00000000
115.00000000,0.00000003,0.00000003,0.00000000
115.50000000,0.00000003,0.00000003,0.00000000
116.00000000,0.00000002,0.00000002,0.00000000
116.50000000,0.00000002,0.00000002,0.00000000
117.00000000,0.00000002,0.00000002,0.00000000
117.50000000,0.00000002,0.00000002,0.00000000
118.00000000,0.00000001,0.00000001,0.00000000
118.50000000,0.00000001,0.00000001,0.00000000
119.00000000,0.00000001,0.00000001,0.00000000
119.50000000,0.00000001,0.00000001,0.00000000
120.00000000,0.00000001,0.00000001,0.00000000
