x,exact,centered,fitted
0.0000000000,0.0000000000,0.0000000000,0.0000000000
0.0500000000,0.9932620530,1.4285714910,0.9932620530
0.1000000000,0.9999546001,0.8163265663,0.9999546001
0.1500000000,0.9999996941,1.0787172483,0.9999996941
0.2000000000,0.9999999979,0.9662640989,0.9999999979
0.2500000000,1.0000000000,1.0144583058,1.0000000000
0.3000000000,1.0000000000,0.9938036457,1.0000000000
0.3500000000,1.0000000000,1.0026556429,1.0000000000
0.4000000000,1.0000000000,0.9988619298,1.0000000000
0.4500000000,1.0000000000,1.0004878068,1.0000000000
0.5000000000,1.0000000000,0.9997910024,1.0000000000
0.5500000000,1.0000000000,1.0000896328,1.0000000000
0.6000000000,1.0000000000,0.9999616484,1.0000000000
0.6500000000,1.0000000000,1.0000164988,1.0000000000
0.7000000000,1.0000000000,0.9999929915,1.0000000000
0.7500000000,1.0000000000,1.0000030661,1.0000000000
0.8000000000,1.0000000000,0.9999987484,1.0000000000
0.8500000000,1.0000000000,1.0000005988,1.0000000000
0.9000000000,1.0000000000,0.9999998058,1.0000000000
0.9500000000,1.0000000000,1.0000001457,1.0000000000
1.0000000000,1.0000000000,1.0000000000,1.0000000000
