S,V_box,V_closed_form,abs_error,W
0.0000000000,0.0000000000,0.0000000000,0.0000000000,-0.0000000000
0.2500000000,0.0000000000,0.0000000000,0.0000000000,0.0000000000
0.5000000000,-0.0000000000,0.0000000000,0.0000000000,-0.0000000000
0.7500000000,0.0000000000,0.0000000000,0.0000000000,0.0000000000
1.0000000000,-0.0000000000,0.0000000000,0.0000000000,-0.0000000000
1.2500000000,-0.0000000000,0.0000000000,0.0000000000,0.0000000000
1.5000000000,0.0000000000,0.0000000000,0.0000000000,-0.0000000000
1.7500000000,-0.0000000000,0.0000000000,0.0000000000,0.0000000000
2.0000000000,0.0000000000,0.0000000000,0.0000000000,0.0000000000
2.2500000000,-0.0000000000,0.0000000000,0.0000000000,-0.0000000000
2.5000000000,0.0000000000,0.0000000000,0.0000000000,0.0000000000
2.7500000000,-0.0000000000,0.0000000000,0.0000000000,-0.0000000000
3.0000000000,0.0000000000,0.0000000000,0.0000000000,0.0000000000
3.2500000000,-0.0000000000,0.0000000000,0.0000000000,-0.0000000000
3.5000000000,-0.0000000000,0.0000000000,0.0000000000,-0.0000000000
3.7500000000,0.0000000000,0.0000000000,0.0000000000,0.0000000000
4.0000000000,-0.0000000000,0.0000000000,0.0000000000,-0.0000000000
4.2500000000,0.0000000000,0.0000000000,0.0000000000,0.0000000000
4.5000000000,0.0000000000,0.0000000000,0.0000000000,0.0000000000
4.7500000000,-0.0000000000,0.0000000000,0.0000000000,-0.0000000000
5.0000000000,-0.0000000000,0.0000000000,0.0000000000,0.0000000000
5.2500000000,0.0000000000,0.0000000000,0.0000000000,0.0000000000
5.5000000000,0.0000000000,0.0000000000,0.0000000000,0.0000000000
5.7500000000,0.0000000000,0.0000000000,0.0000000000,0.0000000000
6.0000000000,0.0000000000,0.0000000000,0.0000000000,0.0000000000
6.2500000000,0.0000000000,0.0000000000,0.0000000000,0.0000000000
6.5000000000,0.0000000000,0.0000000000,0.0000000000,0.0000000001
6.7500000000,0.0000000001,0.0000000000,0.0000000000,0.0000000004
7.0000000000,0.0000000003,0.0000000002,0.0000000001,0.0000000012
7.2500000000,0.0000000009,0.0000000005,0.0000000004,0.0000000036
7.5000000000,0.0000000025,0.0000000014,0.0000000011,0.0000000097
7.7500000000,0.0000000068,0.0000000039,0.0000000029,0.0000000246
8.0000000000,0.0000000173,0.0000000101,0.0000000072,0.0000000590
8.2500000000,0.0000000414,0.0000000249,0.0000000165,0.0000001338
8.5000000000,0.0000000943,0.0000000582,0.0000000361,0.0000002892
8.7500000000,0.0000002051,0.0000001303,0.0000000748,0.0000005976
9.0000000000,0.0000004280,0.0000002797,0.0000001483,0.0000011855
9.2500000000,0.0000008594,0.0000005778,0.0000002816,0.0000022656
9.5000000000,0.0000016654,0.0000011510,0.0000005144,0.0000041824
9.7500000000,0.0000031229,0.0000022165,0.0000009064,0.0000074775
10.0000000000,0.0000056797,0.0000041353,0.0000015444,0.0000129769
10.2500000000,0.0000100399,0.0000074893,0.0000025506,0.0000219050
10.5000000000,0.0000172818,0.0000131908,0.0000040911,0.0000360303
10.7500000000,0.0000290161,0.0000226316,0.0000063845,0.0000578442
11.0000000000,0.0000475937,0.0000378833,0.0000097104,0.0000907760
11.2500000000,0.0000763710,0.0000619562,0.0000144148,0.0001394424
11.5000000000,0.0001200424,0.0000991286,0.0000209138,0.0002099291
11.7500000000,0.0001850461,0.0001553535,0.0000296926,0.0003101003
12.0000000000,0.0002800493,0.0002387500,0.0000412993,0.0004499257
12.2500000000,0.0004165171,0.0003601838,0.0000563332,0.0006418163
12.5000000000,0.0006093634,0.0005339366,0.0000754267,0.0009009539
12.7500000000,0.0008776825,0.0007784621,0.0000992204,0.0012455992
13.0000000000,0.0012455527,0.0011172201,0.0001283326,0.0016973625
13.2500000000,0.0017429003,0.0015795761,0.0001633242,0.0022814180
13.5000000000,0.0024064083,0.0022017487,0.0002046595,0.0030266459
13.7500000000,0.0032804497,0.0030277834,0.0002526663,0.0039656860
14.0000000000,0.0044180217,0.0041105261,0.0003074956,0.0051348895
14.2500000000,0.0058816529,0.0055125670,0.0003690859,0.0065741599
14.5000000000,0.0077442571,0.0073071256,0.0004371316,0.0083266743
14.7500000000,0.0100899022,0.0095788422,0.0005110600,0.0104384862
15.0000000000,0.0130144643,0.0124244466,0.0005900178,0.0129580107
15.2500000000,0.0166261407,0.0159532725,0.0006728682,0.0159354002
15.5000000000,0.0210457936,0.0202875930,0.0007582005,0.0194218228
15.7500000000,0.0264071040,0.0255627522,0.0008443518,0.0234686604
16.0000000000,0.0328565170,0.0319270773,0.0009294397,0.0281266439
16.2500000000,0.0405529663,0.0395415591,0.0010114072,0.0334449508
16.5000000000,0.0496673710,0.0485792958,0.0010880752,0.0394702867
16.7500000000,0.0603819039,0.0592247008,0.0011572032,0.0462459766
17.0000000000,0.0728890374,0.0716724836,0.0012165537,0.0538110907
17.2500000000,0.0873903772,0.0861264171,0.0012639600,0.0621996277
17.5000000000,0.1040953027,0.1027979109,0.0012973918,0.0714397768
17.7500000000,0.1232194346,0.1219044159,0.0013150187,0.0815532784
18.0000000000,0.1449829566,0.1436676891,0.0013152675,0.0925548975
18.2500000000,0.1696088216,0.1683119495,0.0012968721,0.1044520228
18.5000000000,0.1973208743,0.1960619604,0.0012589139,0.1172443983
18.7500000000,0.2283419233,0.2271410722,0.0012008510,0.1309239935
19.0000000000,0.2628917986,0.2617692617,0.0011225369,0.1454750092
19.2500000000,0.3011854270,0.3001612007,0.0010242263,0.1608740183
19.5000000000,0.3434309584,0.3425243881,0.0009065703,0.1770902331
19.7500000000,0.3898279737,0.3890573737,0.0007706001,0.1940858892
20.0000000000,0.4405658017,0.4399481013,0.0006177004,0.2118167345
20.2500000000,0.4958219696,0.4953723948,0.0004495748,0.2302326091
20.5000000000,0.5557608082,0.5554926048,0.0002682034,0.2492780993
20.7500000000,0.6205322271,0.6204564324,0.0000757946,0.2688932517
21.0000000000,0.6902706746,0.6903959409,0.0001252663,0.2890143284
21.2500000000,0.7650942893,0.7654267608,0.0003324715,0.3095745891
21.5000000000,0.8451042482,0.8456474933,0.0005432451,0.3305050822
21.7500000000,0.9303843124,0.9311393090,0.0007549966,0.3517354315
22.0000000000,1.0210005670,1.0219657389,0.0009651719,0.3731946052
22.2500000000,1.1170013492,1.1181726502,0.0011713010,0.3948116528
22.5000000000,1.2184173561,1.2197883969,0.0013710408,0.4165164025
22.7500000000,1.3252619200,1.3268241325,0.0015622125,0.4382401081
23.0000000000,1.4375314383,1.4392742720,0.0017428337,0.4599160388
23.2500000000,1.5552059442,1.5571170873,0.0019111431,0.4814800080
23.5000000000,1.6782497996,1.6803154199,0.0020656203,0.5028708352
23.7500000000,1.8066124966,1.8088174948,0.0022049982,0.5240307414
24.0000000000,1.9402295488,1.9425578186,0.0023282698,0.5449056758
24.2500000000,2.0790234552,2.0814581447,0.0024346895,0.5654455752
24.5000000000,2.2229047218,2.2254284911,0.0025237693,0.5856045579
24.7500000000,2.3717729235,2.3743681928,0.0025952693,0.6053410557
25.0000000000,2.5255177912,2.5281669773,0.0026491861,0.6246178860
25.2500000000,2.6840203108,2.6867060467,0.0026857359,0.6434022705
25.5000000000,2.8471538200,2.8498591564,0.0027053364,0.6616658033
25.7500000000,3.0147850923,3.0174936782,0.0027085859,0.6793843752
26.0000000000,3.1867753965,3.1894716375,0.0026962410,0.6965380581
26.2500000000,3.3629815232,3.3656507171,0.0026691938,0.7131109558
26.5000000000,3.5432567710,3.5458852200,0.0026284490,0.7290910265
26.7500000000,3.7274518845,3.7300269848,0.0025751003,0.7444698811
27.0000000000,3.9154159401,3.9179262488,0.0025103087,0.7592425638
27.2500000000,4.1069971754,4.1094324560,0.0024352807,0.7734073183
27.5000000000,4.3020437583,4.3043950066,0.0023512484,0.7869653449
27.7500000000,4.5004044953,4.5026639463,0.0022594510,0.7999205516
28.0000000000,4.7019294772,4.7040905953,0.0021611181,0.8122793034
28.2500000000,4.9064706618,4.9085281161,0.0020574544,0.8240501732
28.5000000000,5.1138823954,5.1158320221,0.0019496267,0.8352436959
28.7500000000,5.3240218736,5.3258606264,0.0018387528,0.8458721295
29.0000000000,5.5367495428,5.5384754347,0.0017258919,0.8559492240
29.2500000000,5.7519294459,5.7535414831,0.0016120372,0.8654900008
29.5000000000,5.9694295139,5.9709276238,0.0014981099,0.8745105434
29.7500000000,6.1891218068,6.1905067620,0.0013849552,0.8830277995
30.0000000000,6.4108827064,6.4121560461,0.0012733397,0.8910593978
30.2500000000,6.6345930657,6.6357570154,0.0011639497,0.8986234764
30.5000000000,6.8601383161,6.8611957078,0.0010573917,0.9057385264
30.7500000000,7.0874085379,7.0883627308,0.0009541928,0.9124232483
31.0000000000,7.3162984967,7.3171532998,0.0008548032,0.9186964220
31.2500000000,7.5467076483,7.5474672466,0.0007595983,0.9245767910
31.5000000000,7.7785401169,7.7792089997,0.0006688828,0.9300829580
31.7500000000,8.0117046484,8.0122875427,0.0005828942,0.9352332941
32.0000000000,8.2461145426,8.2466163498,0.0005018073,0.9400458588
32.2500000000,8.4816875664,8.4821133050,0.0004257386,0.9445383320
32.5000000000,8.7183458523,8.7187006036,0.0003547513,0.9487279551
32.7500000000,8.9560157821,8.9563046424,0.0002888603,0.9526314832
33.0000000000,9.1946278606,9.1948558975,0.0002280369,0.9562651452
33.2500000000,9.4341165803,9.4342887939,0.0001722136,0.9596446122
33.5000000000,9.6744202786,9.6745415679,0.0001212893,0.9627849743
33.7500000000,9.9154809907,9.9155561240,0.0000751333,0.9657007225
34.0000000000,10.1572442983,10.1572778886,0.0000335903,0.9684057381
34.2500000000,10.3996591764,10.3996556605,0.0000035159,0.9709132871
34.5000000000,10.6426778397,10.6426414612,0.0000363784,0.9732360189
34.7500000000,10.8862555882,10.8861903846,0.0000652036,0.9753859695
35.0000000000,11.1303506556,11.1302604480,0.0000902076,0.9773745690
35.2500000000,11.3749240580,11.3748124447,0.0001116134,0.9792126509
35.5000000000,11.6199394475,11.6198097993,0.0001296482,0.9809104649
35.7500000000,11.8653629671,11.8652184263,0.0001445408,0.9824776920
36.0000000000,12.1111631113,12.1110065917,0.0001565196,0.9839234611
36.2500000000,12.3573105897,12.3571447796,0.0001658101,0.9852563667
36.5000000000,12.6037781967,12.6036055625,0.0001726342,0.9864844887
36.7500000000,12.8505406843,12.8503634765,0.0001772078,0.9876154121
37.0000000000,13.0975746417,13.0973949013,0.0001797404,0.9886562475
37.2500000000,13.3448583792,13.3446779456,0.0001804336,0.9896136525
37.5000000000,13.5923718173,13.5921923369,0.0001794804,0.9904938524
37.7500000000,13.8400963815,13.8399193168,0.0001770647,0.9913026616
38.0000000000,14.0880149023,14.0878415412,0.0001733610,0.9920455042
38.2500000000,14.3361115196,14.3359429860,0.0001685336,0.9927274348
38.5000000000,14.5843715938,14.5842088571,0.0001627367,0.9933531587
38.7500000000,14.8327816201,14.8326255056,0.0001561145,0.9939270513
39.0000000000,15.0813291487,15.0811803480,0.0001488007,0.9944531775
39.2500000000,15.3300027096,15.3298617904,0.0001409192,0.9949353102
39.5000000000,15.5787917418,15.5786591580,0.0001325838,0.9953769477
39.7500000000,15.8276865267,15.8275626280,0.0001238987,0.9957813312
40.0000000000,16.0766781257,16.0765631672,0.0001149585,0.9961514610
40.2500000000,16.3257583224,16.3256524734,0.0001058489,0.9964901121
40.5000000000,16.5749195675,16.5748229209,0.0000966466,0.9967998492
40.7500000000,16.8241549288,16.8240675088,0.0000874199,0.9970830406
41.0000000000,17.0734580428,17.0733798137,0.0000782291,0.9973418717
41.2500000000,17.3228230715,17.3227539447,0.0000691268,0.9975783578
41.5000000000,17.5722446607,17.5721845026,0.0000601581,0.9977943557
41.7500000000,17.8217179021,17.8216665409,0.0000513612,0.9979915754
42.0000000000,18.0712382978,18.0711955299,0.0000427679,0.9981715902
42.2500000000,18.3208017274,18.3207673240,0.0000344035,0.9983358471
42.5000000000,18.5704044178,18.5703781304,0.0000262874,0.9984856758
42.7500000000,18.8200429144,18.8200244811,0.0000184334,0.9986222973
43.0000000000,19.0697140557,19.0697032057,0.0000108500,0.9987468327
43.2500000000,19.3194149485,19.3194114078,0.0000035407,0.9988603099
43.5000000000,19.5691429462,19.5691464420,0.0000034959,0.9989636713
43.7500000000,19.8188956276,19.8189058934,0.0000102657,0.9990577803
44.0000000000,20.0686707786,20.0686875577,0.0000167792,0.9991434272
44.2500000000,20.3184663739,20.3184894246,0.0000230507,0.9992213352
44.5000000000,20.5682805614,20.5683096603,0.0000290989,0.9992921653
44.7500000000,20.8181116473,20.8181465936,0.0000349463,0.9993565217
45.0000000000,21.0679580820,21.0679987011,0.0000406191,0.9994149559
45.2500000000,21.3178184479,21.3178645952,0.0000461473,0.9994679711
45.5000000000,21.5676914475,21.5677430123,0.0000515648,0.9995160260
45.7500000000,21.8175758931,21.8176328017,0.0000569087,0.9995595385
46.0000000000,22.0674706965,22.0675329165,0.0000622200,0.9995988888
46.2500000000,22.3173748604,22.3174424037,0.0000675433,0.9996344226
46.5000000000,22.5672874700,22.5673603968,0.0000729268,0.9996664540
46.7500000000,22.8172076852,22.8172861076,0.0000784224,0.9996952678
47.0000000000,23.0671347339,23.0672188197,0.0000840857,0.9997211221
47.2500000000,23.3170679055,23.3171578819,0.0000899764,0.9997442504
47.5000000000,23.5670065447,23.5671027025,0.0000961577,0.9997648635
47.7500000000,23.8169500466,23.8170527439,0.0001026973,0.9997831516
48.0000000000,24.0668978513,24.0670075181,0.0001096668,0.9997992858
48.2500000000,24.3168494395,24.3169665817,0.0001171422,0.9998134198
48.5000000000,24.5668043283,24.5669295323,0.0001252039,0.9998256910
48.7500000000,24.8167620675,24.8168960047,0.0001339372,0.9998362223
49.0000000000,25.0667222356,25.0668656675,0.0001434319,0.9998451226
49.2500000000,25.3166844370,25.3168382202,0.0001537832,0.9998524888
49.5000000000,25.5666482989,25.5668133899,0.0001650911,0.9998584059
49.7500000000,25.8166134682,25.8167909295,0.0001774613,0.9998629485
50.0000000000,26.0665796094,26.0667706146,0.0001910052,0.9998661815
